num_saison;num_episode;id_personnage
S01;E01;P132
S01;E02;P132
S01;E03;P132
S01;E04;P132
S01;E05;P132
S01;E06;P132
S01;E07;P132
S01;E02;P083
S01;E05;P083
S01;E06;P083
S01;E07;P083
S01;E02;P526
S01;E01;P245
S01;E04;P099
S01;E02;P113
S01;E05;P096
S01;E03;P494
S01;E01;P051
S01;E02;P051
S01;E04;P051
S01;E05;P051
S01;E06;P051
S01;E05;P567
S01;E06;P567
S01;E07;P567
S01;E04;P257
S01;E06;P257
S01;E07;P257
S01;E01;P332
S01;E05;P332
S01;E05;P104
S01;E07;P104
S01;E02;P393
S01;E07;P393
S01;E01;P376
S01;E02;P376
S01;E03;P376
S01;E04;P376
S01;E05;P376
S01;E06;P376
S01;E07;P376
S01;E02;P213
S01;E04;P213
S01;E05;P213
S01;E06;P213
S01;E07;P213
S01;E05;P229
S01;E04;P492
S01;E03;P238
S01;E01;P538
S01;E06;P048
S01;E03;P103
S01;E04;P210
S01;E04;P186
S01;E05;P057
S01;E03;P230
S01;E04;P550
S01;E05;P550
S01;E07;P550
S01;E03;P294
S01;E02;P414
S01;E07;P366
S01;E05;P424
S01;E03;P362
S01;E03;P556
S01;E05;P228
S01;E07;P481
S02;E01;P241
S02;E02;P241
S02;E03;P241
S02;E04;P241
S02;E05;P241
S02;E06;P241
S02;E07;P241
S02;E08;P241
S02;E09;P241
S02;E10;P241
S02;E11;P241
S02;E12;P241
S02;E13;P241
S02;E17;P241
S02;E22;P241
S02;E02;P257
S02;E08;P257
S02;E09;P257
S02;E10;P257
S02;E13;P257
S02;E14;P257
S02;E18;P257
S02;E20;P257
S02;E21;P257
S02;E22;P257
S02;E02;P566
S02;E04;P566
S02;E05;P566
S02;E07;P566
S02;E08;P566
S02;E09;P566
S02;E10;P566
S02;E11;P566
S02;E12;P566
S02;E13;P566
S02;E16;P253
S02;E17;P253
S02;E18;P253
S02;E19;P253
S02;E20;P253
S02;E21;P253
S02;E22;P253
S02;E14;P254
S02;E15;P093
S02;E08;P567
S02;E09;P567
S02;E10;P567
S02;E11;P567
S02;E21;P567
S02;E22;P567
S02;E08;P265
S02;E13;P265
S02;E21;P265
S02;E14;P224
S02;E15;P224
S02;E16;P224
S02;E17;P224
S02;E05;P222
S02;E07;P297
S02;E01;P346
S02;E03;P066
S02;E21;P547
S02;E06;P416
S02;E11;P082
S02;E06;P104
S02;E12;P104
S02;E13;P104
S02;E17;P104
S02;E18;P104
S02;E19;P104
S02;E20;P104
S02;E21;P104
S02;E22;P104
S02;E05;P079
S02;E06;P079
S02;E09;P079
S02;E12;P079
S02;E13;P079
S02;E01;P390
S02;E06;P350
S02;E07;P517
S02;E05;P515
S02;E06;P515
S02;E07;P515
S02;E08;P515
S02;E12;P515
S02;E13;P515
S02;E01;P309
S02;E02;P309
S02;E03;P309
S02;E04;P309
S02;E10;P309
S02;E16;P318
S02;E17;P318
S02;E18;P318
S02;E20;P318
S02;E22;P318
S02;E04;P402
S02;E11;P223
S02;E22;P223
S02;E03;P048
S02;E04;P048
S02;E13;P048
S02;E09;P071
S02;E12;P071
S02;E15;P503
S02;E14;P387
S02;E05;P282
S02;E19;P308
S02;E08;P450
S02;E06;P401
S02;E07;P168
S02;E20;P544
S02;E07;P161
S02;E03;P122
S02;E02;P332
S02;E19;P125
S02;E15;P574
S02;E18;P540
S02;E09;P183
S02;E16;P422
S02;E05;P255
S02;E06;P255
S02;E07;P255
S02;E03;P165
S02;E10;P165
S02;E03;P228
S02;E08;P228
S02;E19;P228
S02;E10;P413
S02;E13;P413
S02;E21;P083
S02;E22;P083
S02;E17;P133
S02;E06;P546
S02;E01;P295
S02;E18;P391
S02;E07;P529
S02;E16;P496
S02;E02;P396
S02;E15;P063
S02;E17;P486
S02;E18;P486
S02;E19;P486
S02;E20;P486
S02;E21;P486
S02;E22;P486
S02;E03;P404
S02;E18;P404
S02;E05;P412
S02;E04;P259
S02;E15;P175
S02;E12;P276
S02;E06;P075
S02;E16;P117
S02;E11;P277
S02;E07;P291
S02;E17;P372
S02;E02;P101
S02;E01;P406
S02;E03;P550
S02;E07;P550
S02;E08;P550
S02;E21;P550
S02;E05;P367
S02;E09;P367
S02;E20;P367
S02;E19;P357
S02;E08;P089
S02;E01;P443
S02;E18;P577
S02;E15;P355
S02;E02;P501
S02;E04;P417
S02;E05;P047
S02;E12;P152
S02;E11;P478
S02;E16;P049
S02;E10;P078
S02;E04;P134
S02;E11;P134
S02;E01;P516
S02;E20;P427
S02;E19;P154
S02;E16;P316
S02;E09;P488
S02;E06;P081
S02;E07;P269
S02;E10;P227
S02;E05;P537
S02;E13;P537
S02;E02;P061
S02;E09;P111
S02;E16;P065
S02;E11;P280
S02;E18;P475
S02;E01;P272
S02;E19;P163
S02;E20;P444
S02;E12;P572
S02;E06;P377
S02;E17;P557
S02;E04;P244
S02;E04;P090
S02;E05;P090
S02;E19;P262
S02;E01;P185
S02;E03;P086
S02;E09;P120
S02;E16;P296
S02;E05;P258
S02;E12;P190
S02;E20;P315
S02;E08;P160
S02;E13;P162
S02;E16;P264
S02;E18;P485
S02;E09;P530
S02;E12;P483
S02;E01;P087
S02;E20;P074
S02;E08;P393
S02;E20;P130
S02;E07;P064
S02;E05;P097
S02;E09;P097
S02;E05;P274
S02;E05;P204
S02;E07;P234
S02;E07;P532
S03;E01;P257
S03;E04;P257
S03;E08;P257
S03;E09;P257
S03;E11;P257
S03;E12;P257
S03;E13;P257
S03;E01;P568
S03;E02;P568
S03;E10;P568
S03;E13;P568
S03;E17;P568
S03;E18;P568
S03;E05;P568
S03;E09;P568
S03;E01;P176
S03;E02;P176
S03;E04;P176
S03;E05;P176
S03;E11;P176
S03;E14;P176
S03;E17;P176
S03;E11;P019
S03;E12;P019
S03;E14;P019
S03;E15;P019
S03;E16;P019
S03;E17;P019
S03;E18;P019
S03;E10;P325
S03;E01;P563
S03;E12;P563
S03;E13;P563
S03;E14;P563
S03;E04;P137
S03;E05;P137
S03;E06;P137
S03;E07;P136
S03;E15;P275
S03;E17;P275
S03;E18;P275
S03;E05;P221
S03;E13;P221
S03;E03;P369
S03;E14;P473
S03;E01;P104
S03;E08;P104
S03;E09;P104
S03;E10;P104
S03;E11;P104
S03;E12;P104
S03;E13;P104
S03;E17;P104
S03;E18;P104
S03;E01;P545
S03;E02;P545
S03;E03;P545
S03;E04;P545
S03;E11;P545
S03;E15;P545
S03;E16;P545
S03;E17;P545
S03;E18;P545
S03;E05;P324
S03;E06;P324
S03;E07;P324
S03;E09;P324
S03;E12;P030
S03;E15;P301
S03;E18;P301
S03;E03;P135
S03;E11;P250
S03;E02;P507
S03;E01;P550
S03;E02;P550
S03;E03;P550
S03;E04;P550
S03;E05;P550
S03;E08;P550
S03;E12;P550
S03;E13;P550
S03;E18;P550
S03;E06;P371
S03;E07;P371
S03;E08;P371
S03;E09;P371
S03;E10;P371
S03;E12;P371
S03;E17;P371
S03;E18;P371
S03;E10;P255
S03;E05;P131
S03;E06;P131
S03;E07;P131
S03;E08;P131
S03;E09;P131
S03;E10;P131
S03;E11;P217
S03;E12;P217
S03;E13;P217
S03;E17;P217
S03;E18;P217
S03;E15;P041
S03;E16;P041
S03;E06;P410
S03;E03;P447
S03;E04;P528
S03;E17;P153
S03;E10;P527
S03;E13;P527
S03;E14;P527
S03;E03;P419
S03;E04;P419
S03;E18;P428
S03;E11;P533
S03;E07;P053
S03;E02;P404
S03;E04;P512
S03;E16;P285
S03;E05;P092
S03;E06;P092
S03;E07;P092
S03;E08;P092
S03;E01;P228
S03;E04;P228
S03;E05;P228
S03;E01;P266
S03;E02;P266
S03;E18;P285
S03;E06;P155
S03;E14;P392
S03;E13;P439
S03;E02;P318
S03;E03;P318
S03;E08;P318
S03;E01;P356
S03;E05;P356
S03;E06;P253
S03;E07;P253
S03;E09;P114
S03;E14;P268
S03;E08;P149
S03;E04;P206
S03;E12;P241
S03;E15;P143
S03;E01;P486
S03;E02;P486
S03;E03;P486
S03;E04;P486
S03;E05;P486
S03;E08;P486
S03;E09;P486
S03;E10;P486
S03;E17;P486
S03;E18;P486
S03;E02;P090
S03;E17;P090
S03;E03;P035
S03;E14;P314
S03;E18;P108
S03;E06;P029
S03;E18;P024
S03;E02;P367
S03;E17;P348
S03;E10;P151
S03;E09;P409
S03;E12;P095
S03;E13;P102
S03;E14;P292
S03;E03;P023
S03;E04;P575
S03;E11;P331
S03;E05;P157
S03;E08;P477
S03;E18;P426
S03;E17;P420
S03;E06;P303
S03;E11;P319
S03;E03;P291
S03;E18;P291
S03;E12;P159
S03;E05;P084
S03;E08;P285
S03;E04;P363
S03;E02;P204
S03;E04;P204
S03;E17;P204
S03;E17;P351
S03;E04;P298
S03;E03;P110
S03;E02;P167
S03;E18;P334
S03;E17;P252
S03;E02;P329
S03;E05;P359
S03;E05;P323
S03;E05;P088
S03;E04;P320
S03;E04;P138
S03;E17;P285
S03;E18;P308
S03;E04;P236
S03;E18;P539
S03;E04;P067
S03;E18;P498
S03;E04;P306
S03;E04;P361
S03;E18;P336
S03;E18;P145
S04;E11;P170
S04;E12;P170
S04;E13;P170
S04;E16;P170
S04;E17;P170
S04;E19;P170
S04;E20;P170
S04;E21;P170
S04;E22;P170
S04;E01;P486
S04;E03;P486
S04;E04;P486
S04;E05;P486
S04;E06;P486
S04;E07;P486
S04;E08;P486
S04;E09;P486
S04;E13;P486
S04;E19;P486
S04;E20;P486
S04;E21;P486
S04;E22;P486
S04;E02;P104
S04;E03;P104
S04;E09;P104
S04;E16;P104
S04;E17;P104
S04;E20;P104
S04;E14;P545
S04;E15;P545
S04;E17;P545
S04;E19;P545
S04;E21;P545
S04;E22;P545
S04;E01;P551
S04;E04;P551
S04;E06;P551
S04;E07;P551
S04;E10;P551
S04;E11;P551
S04;E01;P459
S04;E02;P459
S04;E07;P459
S04;E15;P242
S04;E16;P242
S04;E17;P242
S04;E18;P242
S04;E01;P364
S04;E06;P364
S04;E07;P364
S04;E05;P308
S04;E09;P308
S04;E10;P246
S04;E11;P246
S04;E14;P283
S04;E16;P283
S04;E18;P233
S04;E02;P058
S04;E08;P058
S04;E09;P058
S04;E11;P058
S04;E12;P058
S04;E13;P058
S04;E09;P371
S04;E12;P371
S04;E13;P371
S04;E22;P371
S04;E14;P541
S04;E19;P541
S04;E21;P541
S04;E17;P567
S04;E20;P567
S04;E14;P251
S04;E16;P251
S04;E18;P531
S04;E19;P385
S04;E03;P383
S04;E04;P383
S04;E06;P383
S04;E07;P383
S04;E08;P383
S04;E09;P383
S04;E17;P383
S04;E16;P198
S04;E19;P198
S04;E20;P198
S04;E21;P198
S04;E04;P318
S04;E05;P318
S04;E12;P226
S04;E13;P226
S04;E10;P411
S04;E22;P342
S04;E18;P211
S04;E14;P173
S04;E01;P337
S04;E02;P337
S04;E03;P337
S04;E06;P337
S04;E07;P337
S04;E08;P337
S04;E09;P337
S04;E21;P570
S04;E22;P570
S04;E03;P305
S04;E05;P305
S04;E20;P370
S04;E01;P388
S04;E13;P188
S04;E16;P542
S04;E11;P483
S04;E10;P340
S04;E21;P055
S04;E03;P273
S04;E05;P273
S04;E06;P273
S04;E11;P386
S04;E12;P386
S04;E13;P386
S04;E06;P324
S04;E07;P324
S04;E21;P172
S04;E11;P034
S04;E17;P260
S04;E18;P360
S04;E04;P301
S04;E14;P115
S04;E02;P256
S04;E19;P352
S04;E01;P275
S04;E03;P275
S04;E04;P275
S04;E03;P404
S04;E02;P335
S04;E12;P022
S04;E17;P569
S04;E20;P310
S04;E16;P446
S04;E17;P446
S04;E14;P482
S04;E20;P247
S04;E21;P123
S04;E17;P394
S04;E19;P395
S04;E01;P535
S04;E02;P518
S04;E13;P536
S04;E06;P176
S04;E07;P176
S04;E09;P176
S04;E17;P176
S04;E19;P176
S04;E11;P105
S04;E13;P105
S04;E03;P127
S04;E01;P303
S04;E16;P400
S04;E17;P479
S04;E02;P514
S04;E19;P358
S04;E01;P116
S04;E03;P240
S04;E17;P257
S04;E20;P291
S04;E19;P417
S04;E19;P097
S05;E01;P541
S05;E02;P541
S05;E06;P541
S05;E07;P541
S05;E08;P541
S05;E09;P541
S05;E11;P541
S05;E12;P541
S05;E13;P541
S05;E14;P541
S05;E15;P541
S05;E16;P541
S05;E19;P541
S05;E20;P541
S05;E01;P489
S05;E02;P489
S05;E06;P489
S05;E07;P489
S05;E10;P489
S05;E11;P489
S05;E12;P489
S05;E13;P489
S05;E14;P489
S05;E15;P489
S05;E16;P489
S05;E19;P489
S05;E20;P489
S05;E21;P489
S05;E11;P195
S05;E12;P195
S05;E13;P195
S05;E15;P195
S05;E16;P195
S05;E17;P195
S05;E19;P195
S05;E20;P195
S05;E21;P195
S05;E09;P104
S05;E10;P104
S05;E12;P104
S05;E14;P104
S05;E15;P104
S05;E18;P104
S05;E03;P403
S05;E05;P403
S05;E07;P403
S05;E09;P403
S05;E04;P521
S05;E05;P521
S05;E06;P521
S05;E09;P521
S05;E15;P045
S05;E16;P045
S05;E17;P045
S05;E19;P045
S05;E19;P341
S05;E05;P324
S05;E06;P551
S05;E08;P551
S05;E09;P551
S05;E12;P551
S05;E13;P551
S05;E15;P551
S05;E16;P551
S05;E17;P551
S05;E21;P551
S05;E03;P486
S05;E06;P486
S05;E08;P486
S05;E09;P486
S05;E10;P486
S05;E13;P486
S05;E14;P486
S05;E15;P486
S05;E14;P241
S05;E15;P241
S05;E16;P241
S05;E19;P241
S05;E20;P241
S05;E05;P507
S05;E15;P507
S05;E16;P507
S05;E20;P165
S05;E21;P165
S05;E13;P564
S05;E14;P564
S05;E15;P564
S05;E18;P564
S05;E04;P461
S05;E08;P461
S05;E03;P106
S05;E05;P106
S05;E07;P106
S05;E08;P106
S05;E10;P106
S05;E13;P106
S05;E21;P106
S05;E05;P383
S05;E13;P383
S05;E17;P383
S05;E19;P383
S05;E21;P383
S05;E05;P169
S05;E06;P169
S05;E18;P125
S05;E04;P140
S05;E02;P207
S05;E10;P209
S05;E08;P397
S05;E01;P451
S05;E01;P458
S05;E02;P458
S05;E03;P458
S05;E05;P458
S05;E07;P458
S05;E11;P330
S05;E12;P330
S05;E17;P330
S05;E05;P415
S05;E06;P415
S05;E04;P194
S05;E02;P080
S05;E07;P196
S05;E01;P436
S05;E01;P388
S05;E02;P388
S05;E08;P388
S05;E12;P388
S05;E16;P388
S05;E19;P388
S05;E21;P388
S05;E03;P465
S05;E05;P465
S05;E08;P465
S05;E20;P534
S05;E06;P053
S05;E07;P053
S05;E11;P053
S05;E11;P573
S05;E12;P573
S05;E09;P198
S05;E04;P121
S05;E07;P261
S05;E21;P474
S05;E01;P437
S05;E12;P176
S05;E14;P176
S05;E15;P176
S05;E17;P176
S05;E11;P262
S05;E14;P262
S05;E03;P020
S05;E21;P158
S05;E07;P232
S05;E14;P308
S05;E20;P050
S05;E04;P467
S05;E01;P444
S05;E10;P399
S05;E17;P094
S05;E05;P508
S05;E06;P508
S05;E09;P508
S05;E04;P463
S05;E05;P463
S05;E08;P463
S05;E02;P466
S05;E05;P466
S05;E02;P128
S05;E08;P128
S05;E17;P368
S05;E16;P281
S05;E13;P270
S05;E03;P460
S05;E06;P040
S05;E09;P040
S05;E03;P430
S05;E04;P059
S05;E05;P059
S05;E01;P459
S05;E11;P056
S05;E17;P058
S05;E16;P480
S05;E01;P291
S05;E02;P291
S05;E05;P291
S05;E06;P291
S05;E07;P291
S05;E09;P291
S05;E04;P522
S05;E05;P522
S05;E03;P225
S05;E07;P382
S05;E09;P495
S05;E16;P326
S05;E17;P289
S05;E02;P453
S05;E09;P042
S05;E12;P042
S05;E09;P301
S05;E07;P187
S05;E03;P042
S05;E21;P218
S05;E14;P497
S05;E13;P039
S05;E04;P112
S05;E16;P405
S05;E12;P444
S05;E21;P216
S05;E01;P425
S05;E02;P455
S05;E04;P452
S05;E13;P038
S05;E08;P435
S05;E07;P442
S05;E05;P090
S05;E15;P090
S05;E01;P571
S05;E08;P182
S05;E06;P453
S05;E04;P468
S05;E21;P509
S05;E02;P200
S05;E13;P036
S05;E07;P328
S05;E09;P408
S05;E09;P543
S05;E16;P543
S05;E06;P455
S05;E01;P500
S05;E09;P389
S05;E08;P555
S05;E02;P470
S05;E15;P293
S05;E21;P220
S05;E13;P174
S05;E02;P433
S05;E15;P290
S05;E13;P332
S05;E08;P553
S05;E06;P438
S05;E07;P432
S05;E06;P203
S05;E13;P129
S05;E02;P181
S05;E08;P554
S05;E09;P044
S05;E08;P141
S05;E06;P248
S05;E02;P180
S05;E02;P177
S05;E08;P499
S05;E09;P523
S05;E05;P457
S05;E02;P178
S05;E08;P107
S05;E08;P021
S05;E02;P179
S05;E09;P248
S05;E05;P164
S05;E05;P504
S05;E02;P279
S05;E05;P506
S05;E05;P171
S05;E05;P449
S06;E02;P104
S06;E03;P104
S06;E05;P104
S06;E07;P104
S06;E09;P104
S06;E12;P104
S06;E15;P104
S06;E06;P219
S06;E02;P060
S06;E03;P060
S06;E04;P060
S06;E11;P060
S06;E04;P417
S06;E13;P417
S06;E14;P417
S06;E12;P147
S06;E01;P277
S06;E11;P277
S06;E15;P446
S06;E16;P446
S06;E14;P371
S06;E15;P371
S06;E08;P324
S06;E12;P324
S06;E10;P257
S06;E02;P271
S06;E03;P271
S06;E04;P271
S06;E05;P271
S06;E06;P271
S06;E07;P271
S06;E09;P271
S06;E06;P548
S06;E07;P548
S06;E08;P548
S06;E09;P548
S06;E12;P548
S06;E02;P197
S06;E03;P197
S06;E03;P374
S06;E07;P374
S06;E08;P374
S06;E09;P374
S06;E16;P374
S06;E01;P195
S06;E08;P195
S06;E08;P487
S06;E16;P487
S06;E14;P312
S06;E10;P241
S06;E11;P379
S06;E06;P493
S06;E13;P312
S06;E04;P212
S06;E02;P398
S06;E06;P398
S06;E07;P079
S06;E01;P561
S06;E05;P489
S06;E16;P299
S06;E13;P142
S06;E14;P156
S06;E10;P566
S06;E11;P519
S06;E05;P490
S06;E06;P490
S06;E07;P490
S06;E08;P490
S06;E09;P490
S06;E11;P490
S06;E12;P490
S06;E13;P490
S06;E16;P560
S06;E03;P551
S06;E09;P149
S06;E05;P307
S06;E08;P144
S06;E10;P519
S06;E11;P378
S06;E04;P067
S06;E01;P166
S06;E15;P558
S06;E02;P347
S06;E06;P347
S06;E12;P347
S06;E15;P347
S06;E16;P322
S06;E11;P380
S06;E10;P321
S06;E03;P383
S06;E06;P085
S06;E11;P381
S06;E10;P018
S06;E16;P327
S06;E10;P100
S06;E08;P354
S06;E16;P559
S06;E02;P106
S06;E08;P146
S06;E02;P235
S06;E06;P388
S06;E16;P421
S06;E06;P024
S06;E02;P139
S06;E08;P317
S06;E06;P423
S06;E02;P184
S06;E06;P069
S06;E06;P243
S07;E01;P446
S07;E04;P446
S07;E07;P446
S07;E10;P446
S07;E11;P446
S07;E13;P446
S07;E16;P446
S07;E05;P230
S07;E06;P230
S07;E08;P230
S07;E09;P230
S07;E10;P230
S07;E13;P230
S07;E16;P230
S07;E14;P338
S07;E15;P338
S07;E16;P338
S07;E17;P338
S07;E18;P338
S07;E01;P126
S07;E02;P126
S07;E03;P126
S07;E05;P126
S07;E01;P052
S07;E06;P052
S07;E08;P552
S07;E12;P062
S07;E05;P510
S07;E03;P388
S07;E07;P388
S07;E12;P388
S07;E17;P388
S07;E18;P388
S07;E10;P072
S07;E12;P072
S07;E13;P072
S07;E16;P072
S07;E03;P458
S07;E04;P458
S07;E13;P458
S07;E02;P434
S07;E04;P434
S07;E05;P434
S07;E14;P375
S07;E15;P375
S07;E16;P562
S07;E08;P076
S07;E11;P109
S07;E18;P241
S07;E07;P373
S07;E09;P365
S07;E12;P384
S07;E02;P189
S07;E05;P189
S07;E06;P189
S07;E08;P189
S07;E14;P205
S07;E15;P205
S07;E17;P489
S07;E18;P489
S07;E09;P031
S07;E10;P031
S07;E01;P124
S07;E02;P124
S07;E07;P371
S07;E13;P371
S07;E18;P491
S07;E05;P513
S07;E03;P339
S07;E12;P300
S07;E04;P104
S07;E11;P277
S07;E01;P505
S07;E06;P345
S07;E07;P345
S07;E14;P549
S07;E15;P549
S07;E11;P564
S07;E08;P070
S07;E17;P073
S07;E05;P202
S07;E01;P511
S07;E03;P267
S07;E13;P208
S07;E04;P502
S07;E12;P194
S07;E18;P551
S07;E11;P191
S07;E14;P191
S07;E15;P191
S07;E16;P191
S07;E13;P291
S07;E14;P291
S07;E18;P291
S07;E11;P353
S07;E04;P462
S07;E03;P469
S07;E16;P459
S07;E17;P239
S07;E05;P214
S07;E01;P349
S07;E06;P429
S07;E13;P343
S07;E14;P117
S07;E15;P117
S07;E01;P284
S07;E16;P466
S07;E06;P524
S07;E07;P439
S07;E11;P237
S07;E17;P037
S07;E10;P407
S07;E13;P148
S07;E14;P046
S07;E15;P046
S07;E03;P472
S07;E08;P448
S07;E11;P476
S07;E12;P311
S07;E17;P439
S07;E05;P525
S07;E10;P525
S07;E11;P525
S07;E01;P344
S07;E16;P193
S07;E13;P465
S07;E18;P201
S07;E11;P091
S07;E14;P431
S07;E18;P215
S07;E05;P576
S07;E13;P471
S07;E13;P464
S07;E13;P119
