num_saison;num_episode;resume_episode
S01;E01;Quinn Perkins, une jeune juriste qui vient de faire son arrivée dans l’équipe d’Olivia, se montre très motivée à l’idée de travailler aux côtés de son idole. Alors qu’elle se familiarise avec les méthodes de gestion de crise de l’équipe, Quinn est mise à contribution dans une délicate affaire. Le président Fitzgerald Grant, un proche d’Olivia, vient de solliciter l’aide de cette dernière pour échapper à un scandale : une de ses assistantes, Amanda Tanner, fait courir une rumeur selon laquelle ils auraient une liaison. Parallèlement, l’équipe est chargée d’innocenter un héros de guerre accusé du meurtre de sa petite amie...
S01;E02;Olivia Pope et ses associés sont chargés de protéger la liste des clients de Sharon Marquette, la tenancière d’une maison close fréquentée par l’élite de Washington. Cette liste, qui est sur le point d’être saisie par la justice, pourrait bien faire des remous au sommet de l’Etat si elle venait à être divulguée : le nom de Patrick Keating, le juge fraîchement désigné par la Maison Blanche pour siéger comme président à la Cour suprême, y figure. Quinn, qui surveille toujours de près Amanda Tanner, découvre que quelqu’un est prêt à tout pour faire parvenir ses accusations aux oreilles des médias...
S01;E03;A quelques jours de l’ouverture de son procès pour viol, le fils d’une millionnaire disparaît. Olivia accepte de traiter l’affaire pour rendre service à sa mère, Sandra. Mais personne ne semble croire à l’innocence du fils, et Olivia comprend qu’il sera difficile de conquérir les faveurs du jury. Se sentant bafouée par l’attitude du Président, la jeune femme insiste pour prendre Amanda Tanner comme cliente. Cette dernière promet de lui dire toute la vérité mais réclame en échange une entrevue privée avec le Président Grant. Olivia prend peu à peu conscience que son passé pourrait interférer avec l’affaire...
S01;E04;Olivia accepte de venir en aide à un dictateur en visite à Washington dont la famille a été kidnappée. Mais Abby désapprouve formellement ce choix. L’affaire Amanda Tanner prend une tournure inquiétante, obligeant Olivia à se confronter violemment à son ancien ami et mentor, Cyrus, chef d’état-major de la Maison Blanche. Ce qu’elle ignore, c’est que ce dernier, prêt à tout pour protéger le Président, a engagé quelqu’un pour fouiller dans sa vie personnelle et celle de ses associés, en vue de les détruire. Quinn obtient un rendez-vous avec Gideon, un journaliste qui travaille dans la presse à scandale...
S01;E05;Inquiète après la mystérieuse disparition d’Amanda, Olivia demande à David de lancer des recherches. Recourant à ses anciennes méthodes de hacker, Huck obtient les enregistrements des bandes de vidéo-surveillance installées autour du domicile de la jeune femme. Il y repère un visage dangereusement familier et perd alors tout espoir de retrouver Amanda vivante. Pendant ce temps, Olivia et son équipe de cols blancs prennent en charge la défense d’un pilote décédé, désigné par les médias et sa compagnie aérienne comme l’unique responsable du crash de son avion...
S01;E06;Gideon poursuit ses investigations pour faire la lumière sur le passé d’Amanda. Il sait désormais que l’enfant qu’elle portait n’était pas du Président Grant et soupçonne un autre occupant de la Maison Blanche d’être le père. Le Président Grant rend visite à Olivia pour lui parler de la situation. Une série de flash-backs révèlent comment se sont déroulées les élections présidentielles opposant Grant à Sally Langston et la rencontre entre Olivia et Grant durant la campagne. On y voit également comment s’est constituée l’équipe de «gladiateurs en cols blancs» de Pope et associés...
S01;E07;Alors que Quinn se retrouve dans une situation dramatique, Olivia réquisitionne l’ensemble de son équipe afin de lui venir en aide au plus vite. En parallèle, Billy Chambers passe ses menaces à exécution et fait une annonce de la plus haute importance dans les médias qui chamboule les plans du Président et de son administration, plus particulièrement Cyrus, directement impliqué...
S02;E01;La véritable identité de Quinn est enfin révélée. Plus l’équipe de Pope & Associates en apprennent sur son passé, plus ils ont le sentiment qu’ils tiennent là le plus grand scandale de leur carrière. Du coté de la Maison Blanche, le Président se retrouve dans une situation compromettante lorsque Mellie et Cyrus le prenne au piège lors d’une intervention télévisée en direct.
S02;E02;Lorsqu’une figure publique est retrouvée dans une situation particulièrement compromettante, Olivia et son équipe sont chargés de nettoyer les preuves au plus vite. En parallèle, Olivia doit gérer une Abby très bavarde, qui veut absolument comprendre ce qui s’est passé avec Quinn et le verdict étonnant du juge. A la Maison Blanche, Cyrus et le président doivent faire face à une crise de politique étrangère...
S02;E03;Un membre du gouvernement paranoïaque révèle à Pope & Associés un scandale d’une ampleur incroyable. Pendant ce temps, le Président, qui n’est pas au courant de cette affaire, fait une crise de jalousie à Olivia qui revoit depuis peu un ancien amour.
S02;E04;Une étudiante a disparu, ses parents viennent demander de l’aide à Pope & Associés pour la retrouver. Pendant ce temps, David trouve une alliée de choix dans son enquête autour de Cytron. A la Maison Blanche, Mellie s’empare d’une affaire qui la touche et provoque ainsi un conflit avec son mari...
S02;E05;Lorsqu’il surprend sa femme en train de se faire violer, un gouverneur fait justice lui-même et tue son assaillant. Olivia et son équipe doivent alors lui venir en aide. Pendant ce temps, Cyrus est furieux d’apprendre que son mari, James, a retrouvé sans le prévenir son poste de journaliste couvrant l’actualité du Président et de la Maison Blanche...
S02;E06;Olivia reçoit au cabinet une lettre anonyme contenant un mystérieux code qui pourrait révéler au grand jour le passé secret de Huck. Un autre membre de Pope & Associés voit l’une de ses cachotteries sortir de l’ombre. Olivia demande alors à Harrison de lui venir en aide pour régler le problème...
S02;E07;Le 50ème anniversaire du Président Fitz se prépare à la Maison Blanche. Olivia apporte son aide à Cyrus. Pendant ce temps, le compagnon de ce dernier continue de mener son investigation sur Cytron et tombe sur une information qui pourrait littéralement changer le destin du pays. Chez Pope & Associates, on tente de canaliser les débordements d’un millionnaire qui semble avoir perdu la tête...
S02;E08;Touché par balle le jour de son 50ème anniversaire, le Président Fitz est admis à l’hôpital alors qu’il est entre la vie et la mort. Olivia, qui a repris pour l’occasion la direction de la communication de la Maison Blanche, se remémore les premiers jours de son amant dans le bureau ovale le cœur serré...
S02;E09;Alors que l’état du Président Fitz ne s’améliore pas, l’enquête sur le tireur est en cours. Olivia doit tout faire pour empêcher qu’elle entraîne la police sur la piste de Huck, mais elle doit aussi négocier durement avec la Vice Présidente Sally Langston, prête à tout pour rester à la Maison Blanche. De son côté, Cyrus découvre que son mari lui a menti mais il ignore encore pourquoi...
S02;E10;Pendant que Huck se fait torturer afin de lui extirper des informations sur la fusillade, Olivia et son équipe reçoivent une aide inattendue pour le sortir de là. Mellie, de son côté, se met dans une situation très compromettante lorsqu’elle fait croire au peuple Américain que son mari est en train de doucement se rétablir alors qu’il est toujours dans le coma. Olivia vient à sa rescousse...
S02;E11;L’équipe d’Olivia apprend la vérité sur les élections truquées et comprend que leur boss n’est pas aussi innocente qu’ils ne le croyaient. Pendant ce temps, Mellie doit employer des méthodes drastiques pour remettre Fitz dans le droit chemin...
S02;E12;Le procureur David Rosen est sur le point de découvrir la vérité au sujet de l’élection présidentielle. Hollis Doyle presse Olivia de régler le problème au plus vite. La directrice de cabinet de la Maison-Blanche apprend par ailleurs que Fitz a demandé le divorce et qu’il compte mener la procédure à son terme. Abbatue par tous ces bouleversements, Olivia n’est pas en mesure de prendre les décisions qui s’imposent, aussi Cyrus se propose de prendre la relève...
S02;E13;David découvre enfin la vérité sur Cytron, ce qui force Olivia, Cyrus, Mellie, Hollis et Verna à prendre des décisions d’une gravité extrême pour sauver leurs peaux et celles de leurs proches...
S02;E14;Six mois ont passé depuis que le Président Fitz a découvert la vérité sur Defiance. Il a énormément de mal à faire confiance à son entourage. Son intimité avec Mellie en est durement touchée. Quant à Olivia, elle essaye de passer à autre chose. Elle rencontre même un bel étranger, répondant au nom de Jake Weston, qui ne manque pas de piquer sa curiosité. Mais lorsqu’elle est obligée de se retrouver dans la même pièce que Fitz, pour le baptême de l’enfant de Cyrus, ses vieux démons la hantent à nouveau. Chez Pope & Associates, c’est branle-bas de combat : David Rosen se réveille à côté d’une femme morte et appelle sans tarder l’équipe pour lui venir en aide...
S02;E15;Le Sénateur Peter Caldwell engage Olivia et son équipe afin de trouver une femme à son frère, promis à un bel avenir politique si ce n’est qu’il n’est pas marié, n’a même pas de petite amie, ce que le peuple n’apprécie en guère en général. Le jeune homme assure qu’il n’est pas gay... Pendant ce temps, David Rosen se sent surveillé et poursuivi. Huck est alors chargé d’assurer sa surveillance. A la Maison Blanche, Fitz doit faire face à une délicate prise d’otage à l’étranger...
S02;E16;Olivia doit gérer un nouveau scandale mais, pour une fois, elle n’est pas du côté de la Maison Blanche : elle est dans la partie adverse ! Celui que le Président Fitz comptait désigner comme nouveau juge de la Cour Suprême se retrouve au beau milieu d’un scandale sexuel impliquant sa femme. En parallèle, Huck embarque Quinn avec lui sur une enquête périlleuse...
S02;E17;Hollis Doyle et son ex-femme réclament l’aide d’Olivia. L’équipe est sous le choc lorsqu’elle découvre que leur fille Maybelle a été victime d’un enlèvement. Les ravisseurs réclament à la famille la somme de vingt millions de dollars. Mais le père de la jeune fille ne croit pas à un tel scénario et insiste sur le passé de droguée de sa progéniture. Parallèlement, Olivia reçoit des menaces de la part de Grayden Osborne, le directeur de la CIA, car les membres de son équipe s’intéressent d’un peu trop près à lui. Elle passe également à la vitesse supérieure dans sa relation avec Jack. De son côté, Cyrus fait tout pour entrer dans les bonnes grâces du Président...
S02;E18;Contrairement aux rapports gouvernementaux de Fitz, l’épouse d’Osborne, le défunt directeur de la CIA, ne croit pas un seul instant que son mari, présenté comme un traître, se soit suicidé après avoir pris conscience de ses erreurs. Les paroles de la veuve sèment le doute chez Olivia, qui refuse de classer l’affaire si rapidement. La spécialiste de la gestion de crise demande alors à son équipe d’étudier une nouvelle fois les pièces du dossier. Ses collaborateurs finissent par découvrir qu’Osborne avait des dettes de jeu. Dans le même temps, Mellie, la femme qui l’avait accusé d’être la taupe, a mystérieusement disparu sans laisser de trace...
S02;E19;La vie passée de Huck est révélée par bribes. Son parcours avant d’intégrer l’agence est expliqué. Il a été repéré et recruté par Olivia, qui l’a intégré à un programme de la CIA. Parallèlement, le président Grant et Olivia ont une discussion privée d’une grande importance. Ils ignorent cependant qu’ils sont épiés. Cyrus Beene fait enfin la connaissance de Jake, alors que Hal informe Mellie des actions du Président. De leur côté, Quinn, Harrison et Abby font des confidences à Huck, alors que ce dernier est dans un état second et ne cesse de répéter le même nombre. Qui pourra le ramener à son état normal et que signifie son message ?...
S02;E20;L’équipe continue de mener l’enquête sur les agissements de la mystérieuse taupe. Mais elle fait une découverte bouleversante en traquant la femme avec qui Charlie a eu un rendez-vous. Cette dernière travaille au tribunal comme sténographe. En parallèle, le Président demande à Jake de continuer à surveiller Olivia pour la protéger. Il pense qu’elle court un danger majeur. Olivia n’apprécie pas la stituation. Par ailleurs, au sein de la Maison-Blanche, Mellie passe à l’action. Elle pose un ultimatum à Cyrus. Elle lui demande de prendre certaines initiatives. Quant à James, il se réjouit après avoir reçu une proposition de travail à la télévision...
S02;E21;Tandis que Cyrus réalise à son grand désarroi que Fitz est prêt à faire passer sa relation avec Olivia avant sa carrière politique, il doit également gérer devant la presse les conséquences du  coup retentissant de Mellie. Harrison, de son côté, décide de confronter Olivia à une vérité qu’elle ne veut pas entendre depuis trop longtemps...
S02;E22;Alors que l’Amérique entière est désormais au courant de la liaison entre le Président Fitz et Olivia, l’identité de la taupe est sur le point d’être révélée. Pope & Associates est plus que jamais en danger...
S03;E01;Le nom d’Olivia est désormais connu de tous et associé à son histoire adultère avec le président Fitzgerald Grant. La Maison Blanche fait ainsi face à son plus gros scandale en date, tout comme la société Pope & Associés. Une alliance inattendue se forme pour faire face aux événements. Pendant ce temps, Rowan, le père d’Olivia et chef du B613, emploie tous les moyens dont il dispose pour mener à bien ses projets...
S03;E02;Le passé d’Olivia ainsi que sa relation particulière avec son père ressurgissent dans une série de flashbacks. Dans le même temps, la Maison Blanche tout comme les gladiateurs en costume au service d’Olivia s’emploient à remettre de l’ordre après le coup de tonnerre déclenché par l’annonce de la liaison adultère de leur patronne avec le Président. Rassemblés derrière elle, ils tentent de la sortir du scandale...
S03;E03;Une mère de famille originaire du Midwest arrive à Washington avec l’intention de s’adjoindre les services d’Olivia et de son équipe pour comprendre ce qui est arrivé à son fils. Aussitôt, les associés se retrouvent dans une situation plus que délicate et potentiellement dangereuse. Dans le même temps, Mellie et Fitz, mari et femme trompés, s’avouent l’un à l’autre leurs véritables sentiments. Huck, lui, demeure introuvable, au grand dam d’Olivia...
S03;E04;Olivia et ses associés, qui peinent à trouver de nouveaux clients depuis le scandale, décident de s’occuper de la situation délicate d’un sénateur volage, qui a pris l’habitude de faire des photographies de ses ébats privés. De son côté, Mellie se retrouve elle aussi au coeur d’une affaire potentielle impliquant Josephine Marcus, élue démocrate au Congrès...
S03;E05;L’opération Remington occupe Jake et Huck, qui se rapprochent dangereusement de la vérité et de la Maison-Blanche. Par ailleurs, la réélection s’annonce compliquée pour le président Grant, d’autant qu’Olivia est désormais la directrice de campagne de Josephine Marcus, une rivale des plus sérieuses. Particulièrement impliquée dans la carrière de son mari, Mellie semble prête à tous les sacrifices pour que son époux conserve son poste...
S03;E06;Les découvertes de Jake et Huck affectent profondément Olivia, qui décide de demander des comptes à Grant. Celui-ci refusant d’évoquer avec elle l’opération Remington, Olivia choisit alors de rester auprès de Josephine Marcus le temps de la campagne présidentielle, malgré les dangers auxquels elle s’expose. Avec la Maison-Blanche comme principal adversaire, elle et son équipe deviennent une cible pour Cyrus et Mellie...
S03;E07;Dans l’espoir de reconquérir l’opinion après sa réaction largement défavorable, Mellie accorde une interview aux médias. Mais ses efforts pourraient être vains si son mari ne la rejoint pas pour un entretien commun. Un retour quinze ans en arrière permet de découvrir comment Fitz, Mellie et Cyrus se sont rencontrés pour la première fois. Huck repousse Quinn, qui se met alors en situation de vulnérabilité...
S03;E08;L’équipe d’Olivia tente de découvrir la vérité derrière l’opération Remington. Dans le même temps, les associés doivent gérer une situation de crise impliquant Josie Marcus et sa campagne en cours. De son côté, Cyrus, toujours décidé à tendre un piège à Sally par le biais de son mari, met au point un plan, sans penser que celui-ci pourrait finalement se retourner contre lui...
S03;E09;La vérité pourrait éclater à tout moment et la loyauté des membres de l’équipe d’Olivia est mise à l’épreuve. Cyrus réalise qu’il a peut-être été trop loin.
S03;E10;Cyrus vient en aide à Sally Langston puis informe Mellie des conséquences de leurs actes. Rowan est enlevé par des agents du Président et retenu au Pentagone.
S03;E11;Sally Langston dénonce la corruption de Grant mais tient à conserver son poste de vice-présidente. La rumeur sur la liaison entre Olivia et Grant resurgit.
S03;E12;Fitz a nommé Jake à la tête du B613 mais n’apprécie pas qu’Olivia le fasse passer pour son petit ami. Cyrus tend un piège pour démasquer Publius.
S03;E13;Les récentes découvertes d’Olivia la poussent à prendre une décision difficile. Son équipe travaille pour le compte d’un PDG accusé de meurtre.
S03;E14;Sally organise une réunion avec la NRA qui entraîne la Maison Blanche dans la tourmente. Une personne crée la surprise en faisant appel à l’équipe d’Olivia.
S03;E15;Les enfants du couple présidentiel se préparent pour une interview télévisée. Rowan met en garde Olivia et la somme d’arrêter son enquête sur le B613.
S03;E16;Abby acquiert de nouvelles responsabilités à la Maison Blanche comme Olivia avant elle. Dans le même temps, l’équipe continue à enquêter sur le B613.
S03;E17;Alors que la menace d’un attentat terroriste plane, tous les moyens sont donc bons pour contrer la mère d’Olivia, même collaborer avec les anciens du B613.
S03;E18;Après l’explosion de la bombe, Sally Langston secourt des blessés devant les caméras. Olivia comprend que les chances de l’emporter sont quasi nulles.
S04;E01;Deux mois après le départ d’Olivia et Jake pour une île ensoleillé, à Washington tout a changé. Fitz et Cyrus, encore à la maison blanche pour quatre ans, tentent de changer les choses dans le pays. Mellie, de son côté, fait son deuil. Quant aux gladiateurs, l’absence d’Olivia se fait ressentir.
S04;E02;Pour soutenir le discours de Fitz sur le contrôle des armes aux États-Unis, Cyrus demande à Olivia de réunir James et Lisa Elliot lors du meeting. Mais ce couple d’anciens héros militaires est au bord de la rupture. De son côté, Mellie, toujours sous le choc de la mort de son fils, n’assume plus ses devoirs de première dame. Son attitude devient vraiment problématique.
S04;E03;Olivia aide une vieille amie à retrouver sa belle-fille disparue depuis peu. Grâce à ses connaissances en informatique, Huck découvre que cette disparition cache en réalité une sordide affaire de famille… Pendant ce temps, Mellie s’investit avec passion dans un fait divers qui fait la une de l’actualité, alors que Jake cherche toujours le meurtrier d’Harrison.
S04;E04;Olivia est sollicitée pour une mission sensible. Karen, la fille du Président, a trompé la vigilance des gardiens de la Maison-Blanche pour se rendre à une soirée étudiante. Ses ébats avec plusieurs partenaires, alors qu’elle était totalement soûle, ont malheureusement été filmés. Olivia use de tous les moyens nécessaires pour empêcher que la vidéo apparaisse sur les réseaux sociaux ou le Web… Pendant ce temps, Rowan sollicite l’aide d’un ami pour faire son sale boulot.
S04;E05;En enquêtant pour le compte de Catherine, Olivia et son équipe sont témoins d’un meurtre violent. Pour prouver l’innocence de Catherine, Quinn continue seule l’enquête… Huck tente de contacter sa femme, Kim, pour voir son fils. De son côté, Olivia s’inquiète pour Jake dont elle n’a plus de nouvelles. Accusé du meurtre du fils du Président, ce dernier est retenu dans l’enceinte du Pentagone.
S04;E06;Pourtant innocent, Jake est tenu pour responsable de la mort du fils du Président. Rien ni personne ne semble maintenant pouvoir lui venir en aide. Même Olivia n’arrive pas à convaincre Fitz… Dans l’impasse, elle s’investit dans une autre affaire : prouver l’innocence de celui qu’on accuse de l’assassinat du président Cooper.
S04;E07;Ayant appris que son propre père, Rowan Pope, dirige le B613 et qu’il est responsable de la situation de crise à la Maison-Blanche, Olivia Pope quitte son agence et choisit de s’éloigner du Président en partant avec Jake. La mort de Jerry va rapprocher Fitz et Mellie tandis qu’Olivia fait donc face à un réel tournant dans sa vie.
S04;E08;Ayant appris que son propre père, Rowan Pope, dirige le B613 et qu’il est responsable de la situation de crise à la Maison-Blanche, Olivia Pope quitte son agence et choisit de s’éloigner du Président en partant avec Jake. La mort de Jerry va rapprocher Fitz et Mellie tandis qu’Olivia fait donc face à un réel tournant dans sa vie.
S04;E09;Ayant appris que son propre père, Rowan Pope, dirige le B613 et qu’il est responsable de la situation de crise à la Maison-Blanche, Olivia Pope quitte son agence et choisit de s’éloigner du Président en partant avec Jake. La mort de Jerry va rapprocher Fitz et Mellie tandis qu’Olivia fait donc face à un réel tournant dans sa vie.
S04;E10;Ayant appris que son propre père, Rowan Pope, dirige le B613 et qu’il est responsable de la situation de crise à la Maison-Blanche, Olivia Pope quitte son agence et choisit de s’éloigner du Président en partant avec Jake. La mort de Jerry va rapprocher Fitz et Mellie tandis qu’Olivia fait donc face à un réel tournant dans sa vie.
S04;E11;Ayant appris que son propre père, Rowan Pope, dirige le B613 et qu’il est responsable de la situation de crise à la Maison-Blanche, Olivia Pope quitte son agence et choisit de s’éloigner du Président en partant avec Jake. La mort de Jerry va rapprocher Fitz et Mellie tandis qu’Olivia fait donc face à un réel tournant dans sa vie.
S04;E12;Ayant appris que son propre père, Rowan Pope, dirige le B613 et qu’il est responsable de la situation de crise à la Maison-Blanche, Olivia Pope quitte son agence et choisit de s’éloigner du Président en partant avec Jake. La mort de Jerry va rapprocher Fitz et Mellie tandis qu’Olivia fait donc face à un réel tournant dans sa vie.
S04;E13;Ayant appris que son propre père, Rowan Pope, dirige le B613 et qu’il est responsable de la situation de crise à la Maison-Blanche, Olivia Pope quitte son agence et choisit de s’éloigner du Président en partant avec Jake. La mort de Jerry va rapprocher Fitz et Mellie tandis qu’Olivia fait donc face à un réel tournant dans sa vie.
S04;E14;Ayant appris que son propre père, Rowan Pope, dirige le B613 et qu’il est responsable de la situation de crise à la Maison-Blanche, Olivia Pope quitte son agence et choisit de s’éloigner du Président en partant avec Jake. La mort de Jerry va rapprocher Fitz et Mellie tandis qu’Olivia fait donc face à un réel tournant dans sa vie.
S04;E15;Ayant appris que son propre père, Rowan Pope, dirige le B613 et qu’il est responsable de la situation de crise à la Maison-Blanche, Olivia Pope quitte son agence et choisit de s’éloigner du Président en partant avec Jake. La mort de Jerry va rapprocher Fitz et Mellie tandis qu’Olivia fait donc face à un réel tournant dans sa vie.
S04;E16;Ayant appris que son propre père, Rowan Pope, dirige le B613 et qu’il est responsable de la situation de crise à la Maison-Blanche, Olivia Pope quitte son agence et choisit de s’éloigner du Président en partant avec Jake. La mort de Jerry va rapprocher Fitz et Mellie tandis qu’Olivia fait donc face à un réel tournant dans sa vie.
S04;E17;Le fiancé de Cyrus a été surpris dans une situation compromettante, ce qui pousse Olivia Pope & Associés à accélérer le mariage pour sauver les apparences. Mais Sally Langston s’ingénie à faire échouer ces projets… C’est aussi l’occasion de faire un retour sur le passé et à comprendre pourquoi Olivia ne se sépare jamais d’une certaine bague…
S04;E18;"David essaie d’étoffer son dossier contre le B613 avec des témoignages d’anciens ; Jake refuse d’y participer. Olivia est sollicitée par un membre du Congrès pour sauver la tête de son père dans le couloir de la mort pour un crime qu’il nie farouchement. Pendant ce temps, Mellie commence à préparer sa campagne, et doit pour cela se réconcilier avec sa demi-sœur…"
S04;E19;Ayant appris que son propre père, Rowan Pope, dirige le B613 et qu’il est responsable de la situation de crise à la Maison-Blanche, Olivia Pope quitte son agence et choisit de s’éloigner du Président en partant avec Jake. La mort de Jerry va rapprocher Fitz et Mellie tandis qu’Olivia fait donc face à un réel tournant dans sa vie.
S04;E20;Ayant appris que son propre père, Rowan Pope, dirige le B613 et qu’il est responsable de la situation de crise à la Maison-Blanche, Olivia Pope quitte son agence et choisit de s’éloigner du Président en partant avec Jake. La mort de Jerry va rapprocher Fitz et Mellie tandis qu’Olivia fait donc face à un réel tournant dans sa vie.
S04;E21;Ayant appris que son propre père, Rowan Pope, dirige le B613 et qu’il est responsable de la situation de crise à la Maison-Blanche, Olivia Pope quitte son agence et choisit de s’éloigner du Président en partant avec Jake. La mort de Jerry va rapprocher Fitz et Mellie tandis qu’Olivia fait donc face à un réel tournant dans sa vie.
S04;E22;Ayant appris que son propre père, Rowan Pope, dirige le B613 et qu’il est responsable de la situation de crise à la Maison-Blanche, Olivia Pope quitte son agence et choisit de s’éloigner du Président en partant avec Jake. La mort de Jerry va rapprocher Fitz et Mellie tandis qu’Olivia fait donc face à un réel tournant dans sa vie.
S05;E01;Tandis qu’Olivia et Fitz profitent pleinement de leurs moments ensemble, Cyrus, Mellie et Huck, qui avaient apporté leur aide à Eli Pope, doivent maintenant faire face aux conséquences de cet acte. L’experte en relations publiques est de nouveau sollicitée quand elle doit s’assurer que la vie privée de la Reine de Nouvelle-Calédonie, en voyage aux Etats-Unis, ne quitte pas la sphère familiale.
S05;E02;L’équipe de Pope & associés prend en charge une nouvelle affaire, qui conduit Olivia hors de Washington et l’éloigne temporairement de Fitz. Le président, déterminé à faire la lumière sur les événements récents, qui ont pris une fâcheuse tournure, cherche un responsable. Abby reçoit des conseils inattendus...
S05;E03;Olivia et Fitz doivent gérer la crise, maintenant que leur liaison a été révélée au pays tout entier. Les médias s’en mêlent et poursuivent le couple. Mellie fait appel à une vieille connaissance pour s’assurer d’obtenir ce qu’elle veut. De son côté, Abby cherche à prouver à Olivia qu’elle est toujours capable de travailler à la Maison Blanche...
S05;E04;Jake, qui souhaite ardemment obtenir des réponses, croise dans sa quête la route d’une personne qu’il pensait ne jamais revoir. Huck et Quinn recrutent un collaborateur familier pour tenter d’enrayer le scandale médiatique autour d’Olivia. De son côté, Fitz s’aperçoit que certains soutiens font défaut...
S05;E05;Olivia, consciente qu’elle ne peut pas gérer elle-même le scandale dans lequel elle est impliquée avec Fitz, fait appel à une source extérieure pour tenter d’endiguer la crise. Mellie et Cyrus continuent pour leur part à agir en coulisses. La présidence est en danger : les sénateurs envisagent de destituer Fitz, qui manque de soutiens...
S05;E06;Une solution extrême est présentée à Fitz et Olivia, censée les aider à éloigner l’ensemble des problèmes qu’ils traversent. Dans le même temps, la vie privée de Mellie et son mariage sont disséqués au grand jour. Les gladiateurs continuent de défendre Olivia, tandis que Susan Ross se tourne vers David pour obtenir un conseil...
S05;E07;Fitz veut se racheter. Alors qu’il se consacre à la reconquête de l’électorat américain, écoeuré par sa liaison avec Olivia, il fait une découverte choquante. La jeune femme accepte de prendre en charge un nouveau client, mais elle se montre très préoccupée par ses propres secrets. Elizabeth North réajuste ses plans...
S05;E08;Olivia doit se fier à son instinct hors du commun alors qu’un invité de la Maison Blanche dévoile des détails cruciaux sur l’accord de paix historique que Fitz est en train de négocier. Dans le même temps, Jake fait appel à Huck pour se rapprocher un peu plus de sa cible et frapper fort...
S05;E09;Olivia est frustrée par ses nouvelles responsabilités qui la rapprochent plus d’une Première dame que de son métier. La jeune femme s’interroge sur son nouveau rôle. De son côté, Mellie montre l’étendue de son pouvoir et de sa capacité à nuire, pendant que Jake et Huck poursuivent la traque de Rowan...
S05;E10;Olivia et Fitz sont séparés depuis six mois. Les gladiateurs refont équipe sur une affaire susceptible de déclencher une crise d’ampleur nationale.
S05;E11;Mellie cherche de l’aide auprès d’Olivia. Liz tente de convaincre Susan Ross de briguer la présidence. Abby et Cyrus ont un désaccord de fond au sujet de Fitz.
S05;E12;Olivia retourne dans l’arène et pourrait gravir les marches du pouvoir en devenant Première dame. Mellie, exclue de la Maison Blanche, laissera-t-elle faire ?
S05;E13;Fitz mène une vie privée très dissolue et bien qu’Abby passe la plupart de son temps à cacher ses multiples conquêtes, les rumeurs vont bon train. Elle confie donc à Olivia et associés la tâche de cacher la mort d’une prostituée pendant une soirée organisée par des agents des services secrets. Cyrus cherche à convaincre son nouveau protégé de se lancer dans la campagne présidentielle mais il se montre réticent.
S05;E14;Olivia commence la surveillance de Jake et sa nouvelle petite amie, persuadée que son père et lui ont des plans secrets. Mellie recherche des fonds pour sa campagne et se tourne vers un ancien allié : Hollis Doyle. Abby découvre que Cyrus organise la campagne d’un gouverneur démocrate et se demande si elle peut utiliser cette information. En surveillant son fils, Huck croit reconnaitre chez le nouveau fiancé de son ex-femme un ancien agent de B613.
S05;E15;Le premier débat entre les trois candidats républicains se prépare : Sally Langston va arbitrer Mellie, qui peine à s’attirer la sympathie des votants, Susan Ross, qui va découvrir la vie dissolue de Rosen, et Hollis Doyle au style décomplexé. Cyrus fait la rencontre d’Alex Vargas, frère cadet de Francesco aux méthodes radicales pour soutenir les campagnes de son frère. Olivia découvre enfin le rôle de la fiancée de Jake.
S05;E16;Le premier débat pour les primaires républicaines a tourné en faveur de Susan Ross. Olivia est maintenant prête à utiliser tous les petits secrets de la vice-présidente contre elle, mais son équipe trouve qu’elle va trop loin. La campagne d’Edison connait aussi quelques remous.
S05;E17;Lilian Forrester a rencontré en secret Andrew Nichols, remis de son AVC et prêt à révéler toute l’histoire sur la guerre en Angola de l’Ouest. Toutes les personnes impliquées cherchent une solution au scandale à venir mais la seule issue semble être de tuer l’ancien vice-président.
S05;E18;Après avoir tué Andrew, Olivia s’est réfugiée chez son père, où Jake et lui prennent soin d’elle. Mais en réalité, elle profite d’être sur les lieux pour essayer de comprendre le plan derrière le mariage de Jake et Vanessa. Alors qu’il s’apprête à prendre l’engagement de sa vie, Jake se remémore comment il a été recruté par Rowan pour le B613.
S05;E19;Les primaires républicaines donnent de l’avance à Mellie et Susan, mais les prochaines votes de Floride vont être déterminants. L’objectif des trois candidats va être d’obtenir le soutien de la gouverneure fantasque et corrompue de l’État, une bataille qui oppose autant les deux candidates qu’Olivia et Abby.
S05;E20;Olivia et Abby s’allient pour faire tomber Hollis Doyle, bien que les deux femmes savent que la trêve est temporaire et préparent déjà les dossiers pour faire tomber leurs candidates respectives. Cyrus se sent impuissant à faire gagner son candidat, ignorant que la campagne d’Edison Doyle est gérée secrètement par Eli Pope.
S05;E21;Les cérémonies d’investiture des deux partis approchent et ni Mellie ni Frankie Vargas n’ont arrêté leurs choix. Quand Cyrus apprend que Eli Pope veut que Jake soit co-listier avec Vargas, il avertit Olivia afin de l’écarter définitivement de la course à la Maison Blanche.
S06;E01;La course à la Maison Blanche se poursuit. Mellie est en lice, face à Frankie Vargas, pour le poste de présidente. Qui a remporté les primaires démocrates ? Olivia et Fitz ont un face à face. Peuvent-ils encore se rapprocher ? Jake oeuvre-t-il en souterrain pour le compte de Rowan ?...
S06;E02;Le résultat des élections tombe après une course très serrée. Olivia n’a reculé devant rien pour mettre les chances de son côté. Fitz et Abby sont confrontés à une crise nationale majeure. Les gladiateurs sont bien décidés à obtenir les réponses qu’ils cherchent...
S06;E03;En pleine crise nationale, tous les regards se tournent vers Cyrus, dont le destin semble scellé. Une preuve l’incriminant dans le meurtre de Vargas a-t-elle été trouvée ? L’homme est au centre des accusations. Olivia et les Gladiateurs semblent déterminés à faire éclater la vérité...
S06;E04;Cyrus, inculpé, doit faire face à un ultime défi, cherchant à tout prix à prouver son innocence. Dans le même temps, Olivia et les gladiateurs mettent en évidence un nouvel indice concernant la nuit qui a coûté la vie à Frankie Vargas. La nouvelle est perturbante...
S06;E05;La relation tumultueuse qui unit Jake et Vanessa fait peser une menace sur la campagne. Olivia doit intervenir pour écarter le problème. Dans le même temps, une révélation de taille intervient, faisant la lumière sur certaines circonstances de la mort de Frankie Vargas...
S06;E06;Rowan est pris au dépourvu par une vieille connaissance, ressurgie de son passé. Olivia, de son côté, doit prendre une décision concernant la campagne, qui pourrait augurer un nouveau tournant dans sa vie. Des détails concernant la nuit du meurtre de Vargas sont mis au jour...
S06;E07;Olivia est sous le choc et veut se retourner contre son père. Elle confie à Huck la tâche la plus lourde qu’il ait jamais eu à remplir pour son compte. Parallèlement, ce dernier se demande s’il peut se fier à Meg, sa nouvelle petite amie. Il demande l’aide d’Abby en échange d’une information de première importance...
S06;E08;Le soir de l’élection, Abby manigance pour son propre compte, en souterrain. La jeune femme, qui peine à contenir son désir de pouvoir, garde également un secret potentiellement explosif. Huck, pour sa part, est entre la vie et la mort et tente de survivre à ses blessures...
S06;E09;Olivia et les membres d’OPA tentent désespérément de retrouver Huck après avoir appris sa disparition, demandant même l’aide d’Abby. La jeune femme se retrouve en délicate posture face à son ancienne patronne et amie. Meg tente de dissimuler le corps...
S06;E10;L’horrible vérité qui se cache derrière l’assassinat de Vargas, révélée, fait l’effet d’une bombe. Olivia, dévastée, réexamine le passé et se demande quelle direction auraient pris sa vie et le pays si elle n’avait pas, avec la complicité de Mellie et Cyrus, truqué l’élection de Fitz en 2008...
S06;E11;Olivia et ses soutiens les plus proches sont déterminés à faire tomber Peus. Alors que le vote du collège électoral approche à grands pas, la lutte pour l’obtention du pouvoir, féroce, fait une nouvelle victime...
S06;E12;Alors que Peus semble avoir pris la main de manière définitive et resserrer son emprise sur Olivia, touchant par la même tout ceux qu’elle aime, une menace nouvelle sur la Maison Blanche se fait sentir, changeant radicalement la donne...
S06;E13;L’avenir du pays est dans la balance. Olivia et Fitz ont tous deux un désaccord d’envergure avec Rowan. Jake doit employer une tactique désarmante pour tenter de parvenir à ses fins, grâce à la manipulation...
S06;E14;Fitz, président sortant, examine sa contribution alors qu’il s’apprête à laisser le pouvoir. Parallèlement, les gladiateurs se demandent ce qui va suivre pour OPA, tandis que Jake découvre enfin ce qui se cache derrière Peus et le masque terrifiant de la Femme mystérieuse...
S06;E15;Olivia prend un risque majeur pour assurer la sécurité de Mellie après la passation de pouvoir, alors que l’horloge tourne et que la cérémonie d’investiture en l’honneur de la première femme présidente des Etats-Unis approche. La Maison Blanche serait-elle enfin à Olivia ?...
S06;E16;Les jours de Fitz à la Maison Blanche sont désormais comptés. Le président sortant profite de ces derniers instants de pouvoir pour opérer quelques changements aussi majeurs qu’inattendus pour le pays, avant de céder sa place...
S07;E01;Au centième jour du mandat présidentiel de Mellie Grant, Olivia Pope prouve qu’elle est capable de gouverner le monde. Mais elle va encore devoir prendre une décision difficile afin d’éviter un incident international. Pendant ce temps, Quinn Perkins & Associés lutte pour trouver ses premiers clients.
S07;E02;Le président Grant tente de lancer un processus de paix au Moyen-Orient en organisant un dîner d’État pour le président Rashad de Bashran. Quoi qu’il en soit, Olivia pense secrètement à un plan de secours. Pendant ce temps, QP & A essaie de gagner plus de clientèle.
S07;E03;Cet épisode est centré sur Fitzergerald Grant et sa vie depuis qu’il a remis sa présidence.
S07;E04;Alors que Liv est occupée à gérer le monde libre, l’équipe de QPA travaille avec un client inattendu pour résoudre un cas important. À la Maison Blanche, Mellie se prépare au prochain sommet nucléaire avec le président Rashad et le Premier ministre Nazari.
S07;E05;Olivia et Mellie affirment leur pouvoir comme jamais auparavant. Pendant ce temps, Cyrus travaille sur l’approbation du Congrès pour déclarer la guerre à Bashran, et l’APQ surveille de près la nièce du président Rashad.
S07;E06;Les Gladiateurs se réunissent pour célébrer le grand jour de Quinn et Charlie. De retour à la Maison Blanche, Cyrus, Mellie et Jake traitent d’une nouvelle crise au Moyen-Orient.
S07;E07;Des révélations innatendues laissent tout le monde sous le choc.
S07;E08;Les séquelles de l’enlèvement de Quinn affectent tous ses proches, y compris Olivia.
S07;E09;Les événements qui se sont produits entre l’enlèvement de Quinn et le coup de feu qui a secoué Olivia sont révélés.
S07;E10;Olivia accepte de rejoindre Fitz dans le Vermont pour une escapade. Mais la jeune femme déchante lorsqu’elle comprend que ses plus proches amis en ont profité pour orchestrer une opération. De retour à Washington, Cyrus fait part de ses soupçons à Mellie concernant les activités secrètes de Jake et Olivia...
S07;E11;Mellie prévoit de nommer Jake comme son nouveau chef de cabinet, ce qui pousse Olivia à faire tout ce qu’il faut pour s’assurer que cela n’arrive pas. De retour à la maison de Papa Pope, Quinn devient agité, se demandant combien de temps Rowan a l’intention de la garder secrète et Robin à l’abri du monde extérieur. Pendant ce temps à l’APQ, Abby, Huck et Charlie décident qu’il est temps d’aller de l’avant avec de nouveaux clients lorsque leur premier cas conduit à des informations surprenantes.
S07;E12;Annalise Keating sollicite l’aide d’Olivia pour accélérer la mise en œuvre d’un recours collectif en matière de réforme judiciaire devant la Cour suprême des États-Unis.Première partie d’un crossover en deux volets avec How To Get Away With Murder.Conclusion de l’intrigue dans l’épisode 13 de la saison 4 de How To Get Away With Murder.
S07;E13;Quand un hacker pirate l’avion de l’Air Force Two avec Cyrus et David à bord, ils doivent se préparer au pire dans ce qui pourrait être les dernières minutes de leurs vies.
S07;E14;Liv va chercher de l’aide dans l’équipe pour savoir si Cyrus a aidé à détourner Air Force 2. Une jeune stagiaire disparaît après que son nom apparaisse sur une liste de femmes qui feront des choses pour obtenir un emploi sur la colline.
S07;E15;Lorsque Charlie est arrêté pour le détournement de Air Force Two, Quinn est confronté à un choix important. Pendant ce temps, Cyrus tire les ficelles à huis clos et entreprend de recruter Jake pour le rejoindre dans sa quête de la Maison Blanche.
S07;E16;Dans la foulée de son engagement à tourner une nouvelle page, l’agitation personnelle frappe une fois de plus Olivia quand Mellie demande qu’elle se débarrasse de Cyrus.
S07;E17;La mission de Cyrus et Jake de prendre la Maison Blanche atteint un nouveau niveau de tromperie lorsque Liv est appelée à témoigner contre Mellie.
S07;E18;Avec l’existence de B613 exposée au monde, Olivia Pope et ses Gladiateurs font le sacrifice ultime pour renverser Cyrus et Jake - mais jusqu’où iront-ils pour obtenir justice?
