id_role;description_role
1;Directrice du cabinet de gestion de crise Olivia Pope & Associés
2;Chef de cabinet de la présidente Grant
3;Ancien agent de la CIA
4;enquêtrice chez Olivia Pope & Associés
5;Membre de Olivia Pope & Associés
6;Directrice de Quinn Perkins & Associés
7;Président des États-Unis
8;Ancien président
9;Chef de cabinet de la Maison-Blanche
10;Vice-président des États-Unis
11;Première dame des États-Unis
12;Sénatrice
13;présidente des États-Unis
14;assistant du procureur fédéral
15;Agent B613
16;Commandant du programme B613
17;Rôle non renseigné
